mode,icc_type,icc,ci95_low,ci95_high,f,df1,df2,p_value,n
Stealth,"ICC(C,1)",0.1277576853526221,0.0,0.34,1.8788224318440971,20.0,100.0,0.02206449988202055,21
Action,"ICC(C,1)",0.2189117451891174,0.07,0.45,2.6815903491631974,20.0,100.0,0.0006663369967275412,21
Adaptive,"ICC(C,1)",0.305771495877503,0.14,0.54,3.642687478791993,20.0,100.0,8.98601966777382e-06,21
